filename,original_filename,path,label,language,split
proc_human_en_0000.wav,human_en_0000.flac,C:\Users\prati\OneDrive\Desktop\why\data\processed\human\en\proc_human_en_0000.wav,human,en,train
proc_human_en_0001.wav,human_en_0001.flac,C:\Users\prati\OneDrive\Desktop\why\data\processed\human\en\proc_human_en_0001.wav,human,en,train
proc_human_en_0002.wav,human_en_0002.flac,C:\Users\prati\OneDrive\Desktop\why\data\processed\human\en\proc_human_en_0002.wav,human,en,train
proc_human_en_0003.wav,human_en_0003.flac,C:\Users\prati\OneDrive\Desktop\why\data\processed\human\en\proc_human_en_0003.wav,human,en,train
proc_human_en_0004.wav,human_en_0004.flac,C:\Users\prati\OneDrive\Desktop\why\data\processed\human\en\proc_human_en_0004.wav,human,en,train
proc_human_en_0005.wav,human_en_0005.flac,C:\Users\prati\OneDrive\Desktop\why\data\processed\human\en\proc_human_en_0005.wav,human,en,train
proc_human_en_0006.wav,human_en_0006.flac,C:\Users\prati\OneDrive\Desktop\why\data\processed\human\en\proc_human_en_0006.wav,human,en,train
proc_human_en_0007.wav,human_en_0007.flac,C:\Users\prati\OneDrive\Desktop\why\data\processed\human\en\proc_human_en_0007.wav,human,en,train
proc_human_en_0008.wav,human_en_0008.flac,C:\Users\prati\OneDrive\Desktop\why\data\processed\human\en\proc_human_en_0008.wav,human,en,train
proc_human_en_0009.wav,human_en_0009.flac,C:\Users\prati\OneDrive\Desktop\why\data\processed\human\en\proc_human_en_0009.wav,human,en,train
proc_human_en_0010.wav,human_en_0010.flac,C:\Users\prati\OneDrive\Desktop\why\data\processed\human\en\proc_human_en_0010.wav,human,en,train
proc_human_en_0011.wav,human_en_0011.flac,C:\Users\prati\OneDrive\Desktop\why\data\processed\human\en\proc_human_en_0011.wav,human,en,train
proc_human_en_0012.wav,human_en_0012.flac,C:\Users\prati\OneDrive\Desktop\why\data\processed\human\en\proc_human_en_0012.wav,human,en,train
proc_human_en_0013.wav,human_en_0013.flac,C:\Users\prati\OneDrive\Desktop\why\data\processed\human\en\proc_human_en_0013.wav,human,en,train
proc_human_en_0014.wav,human_en_0014.flac,C:\Users\prati\OneDrive\Desktop\why\data\processed\human\en\proc_human_en_0014.wav,human,en,train
proc_human_en_0015.wav,human_en_0015.flac,C:\Users\prati\OneDrive\Desktop\why\data\processed\human\en\proc_human_en_0015.wav,human,en,train
proc_human_en_0016.wav,human_en_0016.flac,C:\Users\prati\OneDrive\Desktop\why\data\processed\human\en\proc_human_en_0016.wav,human,en,train
proc_human_en_0017.wav,human_en_0017.flac,C:\Users\prati\OneDrive\Desktop\why\data\processed\human\en\proc_human_en_0017.wav,human,en,train
proc_human_en_0018.wav,human_en_0018.flac,C:\Users\prati\OneDrive\Desktop\why\data\processed\human\en\proc_human_en_0018.wav,human,en,train
proc_human_en_0019.wav,human_en_0019.flac,C:\Users\prati\OneDrive\Desktop\why\data\processed\human\en\proc_human_en_0019.wav,human,en,train
proc_human_en_0020.wav,human_en_0020.flac,C:\Users\prati\OneDrive\Desktop\why\data\processed\human\en\proc_human_en_0020.wav,human,en,train
proc_human_en_0021.wav,human_en_0021.flac,C:\Users\prati\OneDrive\Desktop\why\data\processed\human\en\proc_human_en_0021.wav,human,en,train
proc_human_en_0022.wav,human_en_0022.flac,C:\Users\prati\OneDrive\Desktop\why\data\processed\human\en\proc_human_en_0022.wav,human,en,train
proc_human_en_0023.wav,human_en_0023.flac,C:\Users\prati\OneDrive\Desktop\why\data\processed\human\en\proc_human_en_0023.wav,human,en,train
proc_human_en_0024.wav,human_en_0024.flac,C:\Users\prati\OneDrive\Desktop\why\data\processed\human\en\proc_human_en_0024.wav,human,en,train
proc_human_en_0025.wav,human_en_0025.flac,C:\Users\prati\OneDrive\Desktop\why\data\processed\human\en\proc_human_en_0025.wav,human,en,train
proc_human_en_0026.wav,human_en_0026.flac,C:\Users\prati\OneDrive\Desktop\why\data\processed\human\en\proc_human_en_0026.wav,human,en,train
proc_human_en_0027.wav,human_en_0027.flac,C:\Users\prati\OneDrive\Desktop\why\data\processed\human\en\proc_human_en_0027.wav,human,en,train
proc_human_en_0028.wav,human_en_0028.flac,C:\Users\prati\OneDrive\Desktop\why\data\processed\human\en\proc_human_en_0028.wav,human,en,train
proc_human_en_0029.wav,human_en_0029.flac,C:\Users\prati\OneDrive\Desktop\why\data\processed\human\en\proc_human_en_0029.wav,human,en,train
proc_human_en_0030.wav,human_en_0030.flac,C:\Users\prati\OneDrive\Desktop\why\data\processed\human\en\proc_human_en_0030.wav,human,en,train
proc_human_en_0031.wav,human_en_0031.flac,C:\Users\prati\OneDrive\Desktop\why\data\processed\human\en\proc_human_en_0031.wav,human,en,train
proc_human_en_0032.wav,human_en_0032.flac,C:\Users\prati\OneDrive\Desktop\why\data\processed\human\en\proc_human_en_0032.wav,human,en,train
proc_human_en_0033.wav,human_en_0033.flac,C:\Users\prati\OneDrive\Desktop\why\data\processed\human\en\proc_human_en_0033.wav,human,en,train
proc_human_en_0034.wav,human_en_0034.flac,C:\Users\prati\OneDrive\Desktop\why\data\processed\human\en\proc_human_en_0034.wav,human,en,train
proc_human_en_0035.wav,human_en_0035.flac,C:\Users\prati\OneDrive\Desktop\why\data\processed\human\en\proc_human_en_0035.wav,human,en,train
proc_human_en_0036.wav,human_en_0036.flac,C:\Users\prati\OneDrive\Desktop\why\data\processed\human\en\proc_human_en_0036.wav,human,en,train
proc_human_en_0037.wav,human_en_0037.flac,C:\Users\prati\OneDrive\Desktop\why\data\processed\human\en\proc_human_en_0037.wav,human,en,train
proc_human_en_0038.wav,human_en_0038.flac,C:\Users\prati\OneDrive\Desktop\why\data\processed\human\en\proc_human_en_0038.wav,human,en,train
proc_human_en_0039.wav,human_en_0039.flac,C:\Users\prati\OneDrive\Desktop\why\data\processed\human\en\proc_human_en_0039.wav,human,en,train
proc_human_en_0040.wav,human_en_0040.flac,C:\Users\prati\OneDrive\Desktop\why\data\processed\human\en\proc_human_en_0040.wav,human,en,train
proc_human_en_0041.wav,human_en_0041.flac,C:\Users\prati\OneDrive\Desktop\why\data\processed\human\en\proc_human_en_0041.wav,human,en,train
proc_human_en_0042.wav,human_en_0042.flac,C:\Users\prati\OneDrive\Desktop\why\data\processed\human\en\proc_human_en_0042.wav,human,en,train
proc_human_en_0043.wav,human_en_0043.flac,C:\Users\prati\OneDrive\Desktop\why\data\processed\human\en\proc_human_en_0043.wav,human,en,train
proc_human_en_0044.wav,human_en_0044.flac,C:\Users\prati\OneDrive\Desktop\why\data\processed\human\en\proc_human_en_0044.wav,human,en,train
proc_human_en_0045.wav,human_en_0045.flac,C:\Users\prati\OneDrive\Desktop\why\data\processed\human\en\proc_human_en_0045.wav,human,en,train
proc_human_en_0046.wav,human_en_0046.flac,C:\Users\prati\OneDrive\Desktop\why\data\processed\human\en\proc_human_en_0046.wav,human,en,train
proc_human_en_0047.wav,human_en_0047.flac,C:\Users\prati\OneDrive\Desktop\why\data\processed\human\en\proc_human_en_0047.wav,human,en,train
proc_human_en_0048.wav,human_en_0048.flac,C:\Users\prati\OneDrive\Desktop\why\data\processed\human\en\proc_human_en_0048.wav,human,en,train
proc_human_en_0049.wav,human_en_0049.flac,C:\Users\prati\OneDrive\Desktop\why\data\processed\human\en\proc_human_en_0049.wav,human,en,train
proc_human_ta_0000.wav,human_ta_0000.flac,C:\Users\prati\OneDrive\Desktop\why\data\processed\human\ta\proc_human_ta_0000.wav,human,ta,train
proc_human_ta_0001.wav,human_ta_0001.flac,C:\Users\prati\OneDrive\Desktop\why\data\processed\human\ta\proc_human_ta_0001.wav,human,ta,train
proc_human_ta_0002.wav,human_ta_0002.flac,C:\Users\prati\OneDrive\Desktop\why\data\processed\human\ta\proc_human_ta_0002.wav,human,ta,train
proc_human_ta_0003.wav,human_ta_0003.flac,C:\Users\prati\OneDrive\Desktop\why\data\processed\human\ta\proc_human_ta_0003.wav,human,ta,train
proc_human_ta_0004.wav,human_ta_0004.flac,C:\Users\prati\OneDrive\Desktop\why\data\processed\human\ta\proc_human_ta_0004.wav,human,ta,train
proc_human_ta_0005.wav,human_ta_0005.flac,C:\Users\prati\OneDrive\Desktop\why\data\processed\human\ta\proc_human_ta_0005.wav,human,ta,train
proc_human_ta_0006.wav,human_ta_0006.flac,C:\Users\prati\OneDrive\Desktop\why\data\processed\human\ta\proc_human_ta_0006.wav,human,ta,train
proc_human_ta_0007.wav,human_ta_0007.flac,C:\Users\prati\OneDrive\Desktop\why\data\processed\human\ta\proc_human_ta_0007.wav,human,ta,train
proc_human_ta_0008.wav,human_ta_0008.flac,C:\Users\prati\OneDrive\Desktop\why\data\processed\human\ta\proc_human_ta_0008.wav,human,ta,train
proc_human_ta_0009.wav,human_ta_0009.flac,C:\Users\prati\OneDrive\Desktop\why\data\processed\human\ta\proc_human_ta_0009.wav,human,ta,train
proc_human_ta_0010.wav,human_ta_0010.flac,C:\Users\prati\OneDrive\Desktop\why\data\processed\human\ta\proc_human_ta_0010.wav,human,ta,train
proc_human_ta_0011.wav,human_ta_0011.flac,C:\Users\prati\OneDrive\Desktop\why\data\processed\human\ta\proc_human_ta_0011.wav,human,ta,train
proc_human_ta_0012.wav,human_ta_0012.flac,C:\Users\prati\OneDrive\Desktop\why\data\processed\human\ta\proc_human_ta_0012.wav,human,ta,train
proc_human_ta_0013.wav,human_ta_0013.flac,C:\Users\prati\OneDrive\Desktop\why\data\processed\human\ta\proc_human_ta_0013.wav,human,ta,train
proc_human_ta_0014.wav,human_ta_0014.flac,C:\Users\prati\OneDrive\Desktop\why\data\processed\human\ta\proc_human_ta_0014.wav,human,ta,train
proc_human_ta_0015.wav,human_ta_0015.flac,C:\Users\prati\OneDrive\Desktop\why\data\processed\human\ta\proc_human_ta_0015.wav,human,ta,train
proc_human_ta_0016.wav,human_ta_0016.flac,C:\Users\prati\OneDrive\Desktop\why\data\processed\human\ta\proc_human_ta_0016.wav,human,ta,train
proc_human_ta_0017.wav,human_ta_0017.flac,C:\Users\prati\OneDrive\Desktop\why\data\processed\human\ta\proc_human_ta_0017.wav,human,ta,train
proc_human_ta_0018.wav,human_ta_0018.flac,C:\Users\prati\OneDrive\Desktop\why\data\processed\human\ta\proc_human_ta_0018.wav,human,ta,train
proc_human_ta_0019.wav,human_ta_0019.flac,C:\Users\prati\OneDrive\Desktop\why\data\processed\human\ta\proc_human_ta_0019.wav,human,ta,train
proc_human_ta_0020.wav,human_ta_0020.flac,C:\Users\prati\OneDrive\Desktop\why\data\processed\human\ta\proc_human_ta_0020.wav,human,ta,train
proc_human_ta_0021.wav,human_ta_0021.flac,C:\Users\prati\OneDrive\Desktop\why\data\processed\human\ta\proc_human_ta_0021.wav,human,ta,train
proc_human_ta_0022.wav,human_ta_0022.flac,C:\Users\prati\OneDrive\Desktop\why\data\processed\human\ta\proc_human_ta_0022.wav,human,ta,train
proc_human_ta_0023.wav,human_ta_0023.flac,C:\Users\prati\OneDrive\Desktop\why\data\processed\human\ta\proc_human_ta_0023.wav,human,ta,train
proc_human_ta_0024.wav,human_ta_0024.flac,C:\Users\prati\OneDrive\Desktop\why\data\processed\human\ta\proc_human_ta_0024.wav,human,ta,train
proc_human_ta_0025.wav,human_ta_0025.flac,C:\Users\prati\OneDrive\Desktop\why\data\processed\human\ta\proc_human_ta_0025.wav,human,ta,train
proc_human_ta_0026.wav,human_ta_0026.flac,C:\Users\prati\OneDrive\Desktop\why\data\processed\human\ta\proc_human_ta_0026.wav,human,ta,train
proc_human_ta_0027.wav,human_ta_0027.flac,C:\Users\prati\OneDrive\Desktop\why\data\processed\human\ta\proc_human_ta_0027.wav,human,ta,train
proc_human_ta_0028.wav,human_ta_0028.flac,C:\Users\prati\OneDrive\Desktop\why\data\processed\human\ta\proc_human_ta_0028.wav,human,ta,train
proc_human_ta_0029.wav,human_ta_0029.flac,C:\Users\prati\OneDrive\Desktop\why\data\processed\human\ta\proc_human_ta_0029.wav,human,ta,train
proc_human_ta_0030.wav,human_ta_0030.flac,C:\Users\prati\OneDrive\Desktop\why\data\processed\human\ta\proc_human_ta_0030.wav,human,ta,train
proc_human_ta_0031.wav,human_ta_0031.flac,C:\Users\prati\OneDrive\Desktop\why\data\processed\human\ta\proc_human_ta_0031.wav,human,ta,train
proc_human_ta_0032.wav,human_ta_0032.flac,C:\Users\prati\OneDrive\Desktop\why\data\processed\human\ta\proc_human_ta_0032.wav,human,ta,train
proc_human_ta_0033.wav,human_ta_0033.flac,C:\Users\prati\OneDrive\Desktop\why\data\processed\human\ta\proc_human_ta_0033.wav,human,ta,train
proc_human_ta_0034.wav,human_ta_0034.flac,C:\Users\prati\OneDrive\Desktop\why\data\processed\human\ta\proc_human_ta_0034.wav,human,ta,train
proc_human_ta_0035.wav,human_ta_0035.flac,C:\Users\prati\OneDrive\Desktop\why\data\processed\human\ta\proc_human_ta_0035.wav,human,ta,train
proc_human_ta_0036.wav,human_ta_0036.flac,C:\Users\prati\OneDrive\Desktop\why\data\processed\human\ta\proc_human_ta_0036.wav,human,ta,train
proc_human_ta_0037.wav,human_ta_0037.flac,C:\Users\prati\OneDrive\Desktop\why\data\processed\human\ta\proc_human_ta_0037.wav,human,ta,train
proc_human_ta_0038.wav,human_ta_0038.flac,C:\Users\prati\OneDrive\Desktop\why\data\processed\human\ta\proc_human_ta_0038.wav,human,ta,train
proc_human_ta_0039.wav,human_ta_0039.flac,C:\Users\prati\OneDrive\Desktop\why\data\processed\human\ta\proc_human_ta_0039.wav,human,ta,train
proc_human_ta_0040.wav,human_ta_0040.flac,C:\Users\prati\OneDrive\Desktop\why\data\processed\human\ta\proc_human_ta_0040.wav,human,ta,train
proc_human_ta_0041.wav,human_ta_0041.flac,C:\Users\prati\OneDrive\Desktop\why\data\processed\human\ta\proc_human_ta_0041.wav,human,ta,train
proc_human_ta_0042.wav,human_ta_0042.flac,C:\Users\prati\OneDrive\Desktop\why\data\processed\human\ta\proc_human_ta_0042.wav,human,ta,train
proc_human_ta_0043.wav,human_ta_0043.flac,C:\Users\prati\OneDrive\Desktop\why\data\processed\human\ta\proc_human_ta_0043.wav,human,ta,train
proc_human_ta_0044.wav,human_ta_0044.flac,C:\Users\prati\OneDrive\Desktop\why\data\processed\human\ta\proc_human_ta_0044.wav,human,ta,train
proc_human_ta_0045.wav,human_ta_0045.flac,C:\Users\prati\OneDrive\Desktop\why\data\processed\human\ta\proc_human_ta_0045.wav,human,ta,train
proc_human_ta_0046.wav,human_ta_0046.flac,C:\Users\prati\OneDrive\Desktop\why\data\processed\human\ta\proc_human_ta_0046.wav,human,ta,train
proc_human_ta_0047.wav,human_ta_0047.flac,C:\Users\prati\OneDrive\Desktop\why\data\processed\human\ta\proc_human_ta_0047.wav,human,ta,train
proc_human_ta_0048.wav,human_ta_0048.flac,C:\Users\prati\OneDrive\Desktop\why\data\processed\human\ta\proc_human_ta_0048.wav,human,ta,train
proc_human_ta_0049.wav,human_ta_0049.flac,C:\Users\prati\OneDrive\Desktop\why\data\processed\human\ta\proc_human_ta_0049.wav,human,ta,train
proc_human_hi_0000.wav,human_hi_0000.flac,C:\Users\prati\OneDrive\Desktop\why\data\processed\human\hi\proc_human_hi_0000.wav,human,hi,train
proc_human_hi_0001.wav,human_hi_0001.flac,C:\Users\prati\OneDrive\Desktop\why\data\processed\human\hi\proc_human_hi_0001.wav,human,hi,train
proc_human_hi_0002.wav,human_hi_0002.flac,C:\Users\prati\OneDrive\Desktop\why\data\processed\human\hi\proc_human_hi_0002.wav,human,hi,train
proc_human_hi_0003.wav,human_hi_0003.flac,C:\Users\prati\OneDrive\Desktop\why\data\processed\human\hi\proc_human_hi_0003.wav,human,hi,train
proc_human_hi_0004.wav,human_hi_0004.flac,C:\Users\prati\OneDrive\Desktop\why\data\processed\human\hi\proc_human_hi_0004.wav,human,hi,train
proc_human_hi_0005.wav,human_hi_0005.flac,C:\Users\prati\OneDrive\Desktop\why\data\processed\human\hi\proc_human_hi_0005.wav,human,hi,train
proc_human_hi_0006.wav,human_hi_0006.flac,C:\Users\prati\OneDrive\Desktop\why\data\processed\human\hi\proc_human_hi_0006.wav,human,hi,train
proc_human_hi_0007.wav,human_hi_0007.flac,C:\Users\prati\OneDrive\Desktop\why\data\processed\human\hi\proc_human_hi_0007.wav,human,hi,train
proc_human_hi_0008.wav,human_hi_0008.flac,C:\Users\prati\OneDrive\Desktop\why\data\processed\human\hi\proc_human_hi_0008.wav,human,hi,train
proc_human_hi_0009.wav,human_hi_0009.flac,C:\Users\prati\OneDrive\Desktop\why\data\processed\human\hi\proc_human_hi_0009.wav,human,hi,train
proc_human_hi_0010.wav,human_hi_0010.flac,C:\Users\prati\OneDrive\Desktop\why\data\processed\human\hi\proc_human_hi_0010.wav,human,hi,train
proc_human_hi_0011.wav,human_hi_0011.flac,C:\Users\prati\OneDrive\Desktop\why\data\processed\human\hi\proc_human_hi_0011.wav,human,hi,train
proc_human_hi_0012.wav,human_hi_0012.flac,C:\Users\prati\OneDrive\Desktop\why\data\processed\human\hi\proc_human_hi_0012.wav,human,hi,train
proc_human_hi_0013.wav,human_hi_0013.flac,C:\Users\prati\OneDrive\Desktop\why\data\processed\human\hi\proc_human_hi_0013.wav,human,hi,train
proc_human_hi_0014.wav,human_hi_0014.flac,C:\Users\prati\OneDrive\Desktop\why\data\processed\human\hi\proc_human_hi_0014.wav,human,hi,train
proc_human_hi_0015.wav,human_hi_0015.flac,C:\Users\prati\OneDrive\Desktop\why\data\processed\human\hi\proc_human_hi_0015.wav,human,hi,train
proc_human_hi_0016.wav,human_hi_0016.flac,C:\Users\prati\OneDrive\Desktop\why\data\processed\human\hi\proc_human_hi_0016.wav,human,hi,train
proc_human_hi_0017.wav,human_hi_0017.flac,C:\Users\prati\OneDrive\Desktop\why\data\processed\human\hi\proc_human_hi_0017.wav,human,hi,train
proc_human_hi_0018.wav,human_hi_0018.flac,C:\Users\prati\OneDrive\Desktop\why\data\processed\human\hi\proc_human_hi_0018.wav,human,hi,train
proc_human_hi_0019.wav,human_hi_0019.flac,C:\Users\prati\OneDrive\Desktop\why\data\processed\human\hi\proc_human_hi_0019.wav,human,hi,train
proc_human_hi_0020.wav,human_hi_0020.flac,C:\Users\prati\OneDrive\Desktop\why\data\processed\human\hi\proc_human_hi_0020.wav,human,hi,train
proc_human_hi_0021.wav,human_hi_0021.flac,C:\Users\prati\OneDrive\Desktop\why\data\processed\human\hi\proc_human_hi_0021.wav,human,hi,train
proc_human_hi_0022.wav,human_hi_0022.flac,C:\Users\prati\OneDrive\Desktop\why\data\processed\human\hi\proc_human_hi_0022.wav,human,hi,train
proc_human_hi_0023.wav,human_hi_0023.flac,C:\Users\prati\OneDrive\Desktop\why\data\processed\human\hi\proc_human_hi_0023.wav,human,hi,train
proc_human_hi_0024.wav,human_hi_0024.flac,C:\Users\prati\OneDrive\Desktop\why\data\processed\human\hi\proc_human_hi_0024.wav,human,hi,train
proc_human_hi_0025.wav,human_hi_0025.flac,C:\Users\prati\OneDrive\Desktop\why\data\processed\human\hi\proc_human_hi_0025.wav,human,hi,train
proc_human_hi_0026.wav,human_hi_0026.flac,C:\Users\prati\OneDrive\Desktop\why\data\processed\human\hi\proc_human_hi_0026.wav,human,hi,train
proc_human_hi_0027.wav,human_hi_0027.flac,C:\Users\prati\OneDrive\Desktop\why\data\processed\human\hi\proc_human_hi_0027.wav,human,hi,train
proc_human_hi_0028.wav,human_hi_0028.flac,C:\Users\prati\OneDrive\Desktop\why\data\processed\human\hi\proc_human_hi_0028.wav,human,hi,train
proc_human_hi_0029.wav,human_hi_0029.flac,C:\Users\prati\OneDrive\Desktop\why\data\processed\human\hi\proc_human_hi_0029.wav,human,hi,train
proc_human_hi_0030.wav,human_hi_0030.flac,C:\Users\prati\OneDrive\Desktop\why\data\processed\human\hi\proc_human_hi_0030.wav,human,hi,train
proc_human_hi_0031.wav,human_hi_0031.flac,C:\Users\prati\OneDrive\Desktop\why\data\processed\human\hi\proc_human_hi_0031.wav,human,hi,train
proc_human_hi_0032.wav,human_hi_0032.flac,C:\Users\prati\OneDrive\Desktop\why\data\processed\human\hi\proc_human_hi_0032.wav,human,hi,train
proc_human_hi_0033.wav,human_hi_0033.flac,C:\Users\prati\OneDrive\Desktop\why\data\processed\human\hi\proc_human_hi_0033.wav,human,hi,train
proc_human_hi_0034.wav,human_hi_0034.flac,C:\Users\prati\OneDrive\Desktop\why\data\processed\human\hi\proc_human_hi_0034.wav,human,hi,train
proc_human_hi_0035.wav,human_hi_0035.flac,C:\Users\prati\OneDrive\Desktop\why\data\processed\human\hi\proc_human_hi_0035.wav,human,hi,train
proc_human_hi_0036.wav,human_hi_0036.flac,C:\Users\prati\OneDrive\Desktop\why\data\processed\human\hi\proc_human_hi_0036.wav,human,hi,train
proc_human_hi_0037.wav,human_hi_0037.flac,C:\Users\prati\OneDrive\Desktop\why\data\processed\human\hi\proc_human_hi_0037.wav,human,hi,train
proc_human_hi_0038.wav,human_hi_0038.flac,C:\Users\prati\OneDrive\Desktop\why\data\processed\human\hi\proc_human_hi_0038.wav,human,hi,train
proc_human_hi_0039.wav,human_hi_0039.flac,C:\Users\prati\OneDrive\Desktop\why\data\processed\human\hi\proc_human_hi_0039.wav,human,hi,train
proc_human_hi_0040.wav,human_hi_0040.flac,C:\Users\prati\OneDrive\Desktop\why\data\processed\human\hi\proc_human_hi_0040.wav,human,hi,train
proc_human_hi_0041.wav,human_hi_0041.flac,C:\Users\prati\OneDrive\Desktop\why\data\processed\human\hi\proc_human_hi_0041.wav,human,hi,train
proc_human_hi_0042.wav,human_hi_0042.flac,C:\Users\prati\OneDrive\Desktop\why\data\processed\human\hi\proc_human_hi_0042.wav,human,hi,train
proc_human_hi_0043.wav,human_hi_0043.flac,C:\Users\prati\OneDrive\Desktop\why\data\processed\human\hi\proc_human_hi_0043.wav,human,hi,train
proc_human_hi_0044.wav,human_hi_0044.flac,C:\Users\prati\OneDrive\Desktop\why\data\processed\human\hi\proc_human_hi_0044.wav,human,hi,train
proc_human_hi_0045.wav,human_hi_0045.flac,C:\Users\prati\OneDrive\Desktop\why\data\processed\human\hi\proc_human_hi_0045.wav,human,hi,train
proc_human_hi_0046.wav,human_hi_0046.flac,C:\Users\prati\OneDrive\Desktop\why\data\processed\human\hi\proc_human_hi_0046.wav,human,hi,train
proc_human_hi_0047.wav,human_hi_0047.flac,C:\Users\prati\OneDrive\Desktop\why\data\processed\human\hi\proc_human_hi_0047.wav,human,hi,train
proc_human_hi_0048.wav,human_hi_0048.flac,C:\Users\prati\OneDrive\Desktop\why\data\processed\human\hi\proc_human_hi_0048.wav,human,hi,train
proc_human_hi_0049.wav,human_hi_0049.flac,C:\Users\prati\OneDrive\Desktop\why\data\processed\human\hi\proc_human_hi_0049.wav,human,hi,train
proc_human_ml_0000.wav,human_ml_0000.flac,C:\Users\prati\OneDrive\Desktop\why\data\processed\human\ml\proc_human_ml_0000.wav,human,ml,train
proc_human_ml_0001.wav,human_ml_0001.flac,C:\Users\prati\OneDrive\Desktop\why\data\processed\human\ml\proc_human_ml_0001.wav,human,ml,train
proc_human_ml_0002.wav,human_ml_0002.flac,C:\Users\prati\OneDrive\Desktop\why\data\processed\human\ml\proc_human_ml_0002.wav,human,ml,train
proc_human_ml_0003.wav,human_ml_0003.flac,C:\Users\prati\OneDrive\Desktop\why\data\processed\human\ml\proc_human_ml_0003.wav,human,ml,train
proc_human_ml_0004.wav,human_ml_0004.flac,C:\Users\prati\OneDrive\Desktop\why\data\processed\human\ml\proc_human_ml_0004.wav,human,ml,train
proc_human_ml_0005.wav,human_ml_0005.flac,C:\Users\prati\OneDrive\Desktop\why\data\processed\human\ml\proc_human_ml_0005.wav,human,ml,train
proc_human_ml_0006.wav,human_ml_0006.flac,C:\Users\prati\OneDrive\Desktop\why\data\processed\human\ml\proc_human_ml_0006.wav,human,ml,train
proc_human_ml_0007.wav,human_ml_0007.flac,C:\Users\prati\OneDrive\Desktop\why\data\processed\human\ml\proc_human_ml_0007.wav,human,ml,train
proc_human_ml_0008.wav,human_ml_0008.flac,C:\Users\prati\OneDrive\Desktop\why\data\processed\human\ml\proc_human_ml_0008.wav,human,ml,train
proc_human_ml_0009.wav,human_ml_0009.flac,C:\Users\prati\OneDrive\Desktop\why\data\processed\human\ml\proc_human_ml_0009.wav,human,ml,train
proc_human_ml_0010.wav,human_ml_0010.flac,C:\Users\prati\OneDrive\Desktop\why\data\processed\human\ml\proc_human_ml_0010.wav,human,ml,train
proc_human_ml_0011.wav,human_ml_0011.flac,C:\Users\prati\OneDrive\Desktop\why\data\processed\human\ml\proc_human_ml_0011.wav,human,ml,train
proc_human_ml_0012.wav,human_ml_0012.flac,C:\Users\prati\OneDrive\Desktop\why\data\processed\human\ml\proc_human_ml_0012.wav,human,ml,train
proc_human_ml_0013.wav,human_ml_0013.flac,C:\Users\prati\OneDrive\Desktop\why\data\processed\human\ml\proc_human_ml_0013.wav,human,ml,train
proc_human_ml_0014.wav,human_ml_0014.flac,C:\Users\prati\OneDrive\Desktop\why\data\processed\human\ml\proc_human_ml_0014.wav,human,ml,train
proc_human_ml_0015.wav,human_ml_0015.flac,C:\Users\prati\OneDrive\Desktop\why\data\processed\human\ml\proc_human_ml_0015.wav,human,ml,train
proc_human_ml_0016.wav,human_ml_0016.flac,C:\Users\prati\OneDrive\Desktop\why\data\processed\human\ml\proc_human_ml_0016.wav,human,ml,train
proc_human_ml_0017.wav,human_ml_0017.flac,C:\Users\prati\OneDrive\Desktop\why\data\processed\human\ml\proc_human_ml_0017.wav,human,ml,train
proc_human_ml_0018.wav,human_ml_0018.flac,C:\Users\prati\OneDrive\Desktop\why\data\processed\human\ml\proc_human_ml_0018.wav,human,ml,train
proc_human_ml_0019.wav,human_ml_0019.flac,C:\Users\prati\OneDrive\Desktop\why\data\processed\human\ml\proc_human_ml_0019.wav,human,ml,train
proc_human_ml_0020.wav,human_ml_0020.flac,C:\Users\prati\OneDrive\Desktop\why\data\processed\human\ml\proc_human_ml_0020.wav,human,ml,train
proc_human_ml_0021.wav,human_ml_0021.flac,C:\Users\prati\OneDrive\Desktop\why\data\processed\human\ml\proc_human_ml_0021.wav,human,ml,train
proc_human_ml_0022.wav,human_ml_0022.flac,C:\Users\prati\OneDrive\Desktop\why\data\processed\human\ml\proc_human_ml_0022.wav,human,ml,train
proc_human_ml_0023.wav,human_ml_0023.flac,C:\Users\prati\OneDrive\Desktop\why\data\processed\human\ml\proc_human_ml_0023.wav,human,ml,train
proc_human_ml_0024.wav,human_ml_0024.flac,C:\Users\prati\OneDrive\Desktop\why\data\processed\human\ml\proc_human_ml_0024.wav,human,ml,train
proc_human_ml_0025.wav,human_ml_0025.flac,C:\Users\prati\OneDrive\Desktop\why\data\processed\human\ml\proc_human_ml_0025.wav,human,ml,train
proc_human_ml_0026.wav,human_ml_0026.flac,C:\Users\prati\OneDrive\Desktop\why\data\processed\human\ml\proc_human_ml_0026.wav,human,ml,train
proc_human_ml_0027.wav,human_ml_0027.flac,C:\Users\prati\OneDrive\Desktop\why\data\processed\human\ml\proc_human_ml_0027.wav,human,ml,train
proc_human_ml_0028.wav,human_ml_0028.flac,C:\Users\prati\OneDrive\Desktop\why\data\processed\human\ml\proc_human_ml_0028.wav,human,ml,train
proc_human_ml_0029.wav,human_ml_0029.flac,C:\Users\prati\OneDrive\Desktop\why\data\processed\human\ml\proc_human_ml_0029.wav,human,ml,train
proc_human_ml_0030.wav,human_ml_0030.flac,C:\Users\prati\OneDrive\Desktop\why\data\processed\human\ml\proc_human_ml_0030.wav,human,ml,train
proc_human_ml_0031.wav,human_ml_0031.flac,C:\Users\prati\OneDrive\Desktop\why\data\processed\human\ml\proc_human_ml_0031.wav,human,ml,train
proc_human_ml_0032.wav,human_ml_0032.flac,C:\Users\prati\OneDrive\Desktop\why\data\processed\human\ml\proc_human_ml_0032.wav,human,ml,train
proc_human_ml_0033.wav,human_ml_0033.flac,C:\Users\prati\OneDrive\Desktop\why\data\processed\human\ml\proc_human_ml_0033.wav,human,ml,train
proc_human_ml_0034.wav,human_ml_0034.flac,C:\Users\prati\OneDrive\Desktop\why\data\processed\human\ml\proc_human_ml_0034.wav,human,ml,train
proc_human_ml_0035.wav,human_ml_0035.flac,C:\Users\prati\OneDrive\Desktop\why\data\processed\human\ml\proc_human_ml_0035.wav,human,ml,train
proc_human_ml_0036.wav,human_ml_0036.flac,C:\Users\prati\OneDrive\Desktop\why\data\processed\human\ml\proc_human_ml_0036.wav,human,ml,train
proc_human_ml_0037.wav,human_ml_0037.flac,C:\Users\prati\OneDrive\Desktop\why\data\processed\human\ml\proc_human_ml_0037.wav,human,ml,train
proc_human_ml_0038.wav,human_ml_0038.flac,C:\Users\prati\OneDrive\Desktop\why\data\processed\human\ml\proc_human_ml_0038.wav,human,ml,train
proc_human_ml_0039.wav,human_ml_0039.flac,C:\Users\prati\OneDrive\Desktop\why\data\processed\human\ml\proc_human_ml_0039.wav,human,ml,train
proc_human_ml_0040.wav,human_ml_0040.flac,C:\Users\prati\OneDrive\Desktop\why\data\processed\human\ml\proc_human_ml_0040.wav,human,ml,train
proc_human_ml_0041.wav,human_ml_0041.flac,C:\Users\prati\OneDrive\Desktop\why\data\processed\human\ml\proc_human_ml_0041.wav,human,ml,train
proc_human_ml_0042.wav,human_ml_0042.flac,C:\Users\prati\OneDrive\Desktop\why\data\processed\human\ml\proc_human_ml_0042.wav,human,ml,train
proc_human_ml_0043.wav,human_ml_0043.flac,C:\Users\prati\OneDrive\Desktop\why\data\processed\human\ml\proc_human_ml_0043.wav,human,ml,train
proc_human_ml_0044.wav,human_ml_0044.flac,C:\Users\prati\OneDrive\Desktop\why\data\processed\human\ml\proc_human_ml_0044.wav,human,ml,train
proc_human_ml_0045.wav,human_ml_0045.flac,C:\Users\prati\OneDrive\Desktop\why\data\processed\human\ml\proc_human_ml_0045.wav,human,ml,train
proc_human_ml_0046.wav,human_ml_0046.flac,C:\Users\prati\OneDrive\Desktop\why\data\processed\human\ml\proc_human_ml_0046.wav,human,ml,train
proc_human_ml_0047.wav,human_ml_0047.flac,C:\Users\prati\OneDrive\Desktop\why\data\processed\human\ml\proc_human_ml_0047.wav,human,ml,train
proc_human_ml_0048.wav,human_ml_0048.flac,C:\Users\prati\OneDrive\Desktop\why\data\processed\human\ml\proc_human_ml_0048.wav,human,ml,train
proc_human_ml_0049.wav,human_ml_0049.flac,C:\Users\prati\OneDrive\Desktop\why\data\processed\human\ml\proc_human_ml_0049.wav,human,ml,train
proc_human_te_0000.wav,human_te_0000.flac,C:\Users\prati\OneDrive\Desktop\why\data\processed\human\te\proc_human_te_0000.wav,human,te,train
proc_human_te_0001.wav,human_te_0001.flac,C:\Users\prati\OneDrive\Desktop\why\data\processed\human\te\proc_human_te_0001.wav,human,te,train
proc_human_te_0002.wav,human_te_0002.flac,C:\Users\prati\OneDrive\Desktop\why\data\processed\human\te\proc_human_te_0002.wav,human,te,train
proc_human_te_0003.wav,human_te_0003.flac,C:\Users\prati\OneDrive\Desktop\why\data\processed\human\te\proc_human_te_0003.wav,human,te,train
proc_human_te_0004.wav,human_te_0004.flac,C:\Users\prati\OneDrive\Desktop\why\data\processed\human\te\proc_human_te_0004.wav,human,te,train
proc_human_te_0005.wav,human_te_0005.flac,C:\Users\prati\OneDrive\Desktop\why\data\processed\human\te\proc_human_te_0005.wav,human,te,train
proc_human_te_0006.wav,human_te_0006.flac,C:\Users\prati\OneDrive\Desktop\why\data\processed\human\te\proc_human_te_0006.wav,human,te,train
proc_human_te_0007.wav,human_te_0007.flac,C:\Users\prati\OneDrive\Desktop\why\data\processed\human\te\proc_human_te_0007.wav,human,te,train
proc_human_te_0008.wav,human_te_0008.flac,C:\Users\prati\OneDrive\Desktop\why\data\processed\human\te\proc_human_te_0008.wav,human,te,train
proc_human_te_0009.wav,human_te_0009.flac,C:\Users\prati\OneDrive\Desktop\why\data\processed\human\te\proc_human_te_0009.wav,human,te,train
proc_human_te_0010.wav,human_te_0010.flac,C:\Users\prati\OneDrive\Desktop\why\data\processed\human\te\proc_human_te_0010.wav,human,te,train
proc_human_te_0011.wav,human_te_0011.flac,C:\Users\prati\OneDrive\Desktop\why\data\processed\human\te\proc_human_te_0011.wav,human,te,train
proc_human_te_0012.wav,human_te_0012.flac,C:\Users\prati\OneDrive\Desktop\why\data\processed\human\te\proc_human_te_0012.wav,human,te,train
proc_human_te_0013.wav,human_te_0013.flac,C:\Users\prati\OneDrive\Desktop\why\data\processed\human\te\proc_human_te_0013.wav,human,te,train
proc_human_te_0014.wav,human_te_0014.flac,C:\Users\prati\OneDrive\Desktop\why\data\processed\human\te\proc_human_te_0014.wav,human,te,train
proc_human_te_0015.wav,human_te_0015.flac,C:\Users\prati\OneDrive\Desktop\why\data\processed\human\te\proc_human_te_0015.wav,human,te,train
proc_human_te_0016.wav,human_te_0016.flac,C:\Users\prati\OneDrive\Desktop\why\data\processed\human\te\proc_human_te_0016.wav,human,te,train
proc_human_te_0017.wav,human_te_0017.flac,C:\Users\prati\OneDrive\Desktop\why\data\processed\human\te\proc_human_te_0017.wav,human,te,train
proc_human_te_0018.wav,human_te_0018.flac,C:\Users\prati\OneDrive\Desktop\why\data\processed\human\te\proc_human_te_0018.wav,human,te,train
proc_human_te_0019.wav,human_te_0019.flac,C:\Users\prati\OneDrive\Desktop\why\data\processed\human\te\proc_human_te_0019.wav,human,te,train
proc_human_te_0020.wav,human_te_0020.flac,C:\Users\prati\OneDrive\Desktop\why\data\processed\human\te\proc_human_te_0020.wav,human,te,train
proc_human_te_0021.wav,human_te_0021.flac,C:\Users\prati\OneDrive\Desktop\why\data\processed\human\te\proc_human_te_0021.wav,human,te,train
proc_human_te_0022.wav,human_te_0022.flac,C:\Users\prati\OneDrive\Desktop\why\data\processed\human\te\proc_human_te_0022.wav,human,te,train
proc_human_te_0023.wav,human_te_0023.flac,C:\Users\prati\OneDrive\Desktop\why\data\processed\human\te\proc_human_te_0023.wav,human,te,train
proc_human_te_0024.wav,human_te_0024.flac,C:\Users\prati\OneDrive\Desktop\why\data\processed\human\te\proc_human_te_0024.wav,human,te,train
proc_human_te_0025.wav,human_te_0025.flac,C:\Users\prati\OneDrive\Desktop\why\data\processed\human\te\proc_human_te_0025.wav,human,te,train
proc_human_te_0026.wav,human_te_0026.flac,C:\Users\prati\OneDrive\Desktop\why\data\processed\human\te\proc_human_te_0026.wav,human,te,train
proc_human_te_0027.wav,human_te_0027.flac,C:\Users\prati\OneDrive\Desktop\why\data\processed\human\te\proc_human_te_0027.wav,human,te,train
proc_human_te_0028.wav,human_te_0028.flac,C:\Users\prati\OneDrive\Desktop\why\data\processed\human\te\proc_human_te_0028.wav,human,te,train
proc_human_te_0029.wav,human_te_0029.flac,C:\Users\prati\OneDrive\Desktop\why\data\processed\human\te\proc_human_te_0029.wav,human,te,train
proc_human_te_0030.wav,human_te_0030.flac,C:\Users\prati\OneDrive\Desktop\why\data\processed\human\te\proc_human_te_0030.wav,human,te,train
proc_human_te_0031.wav,human_te_0031.flac,C:\Users\prati\OneDrive\Desktop\why\data\processed\human\te\proc_human_te_0031.wav,human,te,train
proc_human_te_0032.wav,human_te_0032.flac,C:\Users\prati\OneDrive\Desktop\why\data\processed\human\te\proc_human_te_0032.wav,human,te,train
proc_human_te_0033.wav,human_te_0033.flac,C:\Users\prati\OneDrive\Desktop\why\data\processed\human\te\proc_human_te_0033.wav,human,te,train
proc_human_te_0034.wav,human_te_0034.flac,C:\Users\prati\OneDrive\Desktop\why\data\processed\human\te\proc_human_te_0034.wav,human,te,train
proc_human_te_0035.wav,human_te_0035.flac,C:\Users\prati\OneDrive\Desktop\why\data\processed\human\te\proc_human_te_0035.wav,human,te,train
proc_human_te_0036.wav,human_te_0036.flac,C:\Users\prati\OneDrive\Desktop\why\data\processed\human\te\proc_human_te_0036.wav,human,te,train
proc_human_te_0037.wav,human_te_0037.flac,C:\Users\prati\OneDrive\Desktop\why\data\processed\human\te\proc_human_te_0037.wav,human,te,train
proc_human_te_0038.wav,human_te_0038.flac,C:\Users\prati\OneDrive\Desktop\why\data\processed\human\te\proc_human_te_0038.wav,human,te,train
proc_human_te_0039.wav,human_te_0039.flac,C:\Users\prati\OneDrive\Desktop\why\data\processed\human\te\proc_human_te_0039.wav,human,te,train
proc_human_te_0040.wav,human_te_0040.flac,C:\Users\prati\OneDrive\Desktop\why\data\processed\human\te\proc_human_te_0040.wav,human,te,train
proc_human_te_0041.wav,human_te_0041.flac,C:\Users\prati\OneDrive\Desktop\why\data\processed\human\te\proc_human_te_0041.wav,human,te,train
proc_human_te_0042.wav,human_te_0042.flac,C:\Users\prati\OneDrive\Desktop\why\data\processed\human\te\proc_human_te_0042.wav,human,te,train
proc_human_te_0043.wav,human_te_0043.flac,C:\Users\prati\OneDrive\Desktop\why\data\processed\human\te\proc_human_te_0043.wav,human,te,train
proc_human_te_0044.wav,human_te_0044.flac,C:\Users\prati\OneDrive\Desktop\why\data\processed\human\te\proc_human_te_0044.wav,human,te,train
proc_human_te_0045.wav,human_te_0045.flac,C:\Users\prati\OneDrive\Desktop\why\data\processed\human\te\proc_human_te_0045.wav,human,te,train
proc_human_te_0046.wav,human_te_0046.flac,C:\Users\prati\OneDrive\Desktop\why\data\processed\human\te\proc_human_te_0046.wav,human,te,train
proc_human_te_0047.wav,human_te_0047.flac,C:\Users\prati\OneDrive\Desktop\why\data\processed\human\te\proc_human_te_0047.wav,human,te,train
proc_human_te_0048.wav,human_te_0048.flac,C:\Users\prati\OneDrive\Desktop\why\data\processed\human\te\proc_human_te_0048.wav,human,te,train
proc_human_te_0049.wav,human_te_0049.flac,C:\Users\prati\OneDrive\Desktop\why\data\processed\human\te\proc_human_te_0049.wav,human,te,train
proc_ai_edge_en_0000.wav,ai_edge_en_0000.mp3,C:\Users\prati\OneDrive\Desktop\why\data\processed\ai\en\proc_ai_edge_en_0000.wav,ai,en,train
proc_ai_edge_en_0001.wav,ai_edge_en_0001.mp3,C:\Users\prati\OneDrive\Desktop\why\data\processed\ai\en\proc_ai_edge_en_0001.wav,ai,en,train
proc_ai_edge_en_0002.wav,ai_edge_en_0002.mp3,C:\Users\prati\OneDrive\Desktop\why\data\processed\ai\en\proc_ai_edge_en_0002.wav,ai,en,train
proc_ai_edge_en_0003.wav,ai_edge_en_0003.mp3,C:\Users\prati\OneDrive\Desktop\why\data\processed\ai\en\proc_ai_edge_en_0003.wav,ai,en,train
proc_ai_edge_en_0004.wav,ai_edge_en_0004.mp3,C:\Users\prati\OneDrive\Desktop\why\data\processed\ai\en\proc_ai_edge_en_0004.wav,ai,en,train
proc_ai_edge_en_0005.wav,ai_edge_en_0005.mp3,C:\Users\prati\OneDrive\Desktop\why\data\processed\ai\en\proc_ai_edge_en_0005.wav,ai,en,train
proc_ai_edge_en_0006.wav,ai_edge_en_0006.mp3,C:\Users\prati\OneDrive\Desktop\why\data\processed\ai\en\proc_ai_edge_en_0006.wav,ai,en,train
proc_ai_edge_en_0007.wav,ai_edge_en_0007.mp3,C:\Users\prati\OneDrive\Desktop\why\data\processed\ai\en\proc_ai_edge_en_0007.wav,ai,en,train
proc_ai_edge_en_0008.wav,ai_edge_en_0008.mp3,C:\Users\prati\OneDrive\Desktop\why\data\processed\ai\en\proc_ai_edge_en_0008.wav,ai,en,train
proc_ai_edge_en_0009.wav,ai_edge_en_0009.mp3,C:\Users\prati\OneDrive\Desktop\why\data\processed\ai\en\proc_ai_edge_en_0009.wav,ai,en,train
proc_ai_edge_en_0010.wav,ai_edge_en_0010.mp3,C:\Users\prati\OneDrive\Desktop\why\data\processed\ai\en\proc_ai_edge_en_0010.wav,ai,en,train
proc_ai_edge_en_0011.wav,ai_edge_en_0011.mp3,C:\Users\prati\OneDrive\Desktop\why\data\processed\ai\en\proc_ai_edge_en_0011.wav,ai,en,train
proc_ai_edge_en_0012.wav,ai_edge_en_0012.mp3,C:\Users\prati\OneDrive\Desktop\why\data\processed\ai\en\proc_ai_edge_en_0012.wav,ai,en,train
proc_ai_edge_en_0013.wav,ai_edge_en_0013.mp3,C:\Users\prati\OneDrive\Desktop\why\data\processed\ai\en\proc_ai_edge_en_0013.wav,ai,en,train
proc_ai_edge_en_0014.wav,ai_edge_en_0014.mp3,C:\Users\prati\OneDrive\Desktop\why\data\processed\ai\en\proc_ai_edge_en_0014.wav,ai,en,train
proc_ai_edge_en_0015.wav,ai_edge_en_0015.mp3,C:\Users\prati\OneDrive\Desktop\why\data\processed\ai\en\proc_ai_edge_en_0015.wav,ai,en,train
proc_ai_edge_en_0016.wav,ai_edge_en_0016.mp3,C:\Users\prati\OneDrive\Desktop\why\data\processed\ai\en\proc_ai_edge_en_0016.wav,ai,en,train
proc_ai_edge_en_0017.wav,ai_edge_en_0017.mp3,C:\Users\prati\OneDrive\Desktop\why\data\processed\ai\en\proc_ai_edge_en_0017.wav,ai,en,train
proc_ai_edge_en_0018.wav,ai_edge_en_0018.mp3,C:\Users\prati\OneDrive\Desktop\why\data\processed\ai\en\proc_ai_edge_en_0018.wav,ai,en,train
proc_ai_edge_en_0019.wav,ai_edge_en_0019.mp3,C:\Users\prati\OneDrive\Desktop\why\data\processed\ai\en\proc_ai_edge_en_0019.wav,ai,en,train
proc_ai_edge_en_0020.wav,ai_edge_en_0020.mp3,C:\Users\prati\OneDrive\Desktop\why\data\processed\ai\en\proc_ai_edge_en_0020.wav,ai,en,train
proc_ai_edge_en_0021.wav,ai_edge_en_0021.mp3,C:\Users\prati\OneDrive\Desktop\why\data\processed\ai\en\proc_ai_edge_en_0021.wav,ai,en,train
proc_ai_edge_en_0022.wav,ai_edge_en_0022.mp3,C:\Users\prati\OneDrive\Desktop\why\data\processed\ai\en\proc_ai_edge_en_0022.wav,ai,en,train
proc_ai_edge_en_0023.wav,ai_edge_en_0023.mp3,C:\Users\prati\OneDrive\Desktop\why\data\processed\ai\en\proc_ai_edge_en_0023.wav,ai,en,train
proc_ai_edge_en_0024.wav,ai_edge_en_0024.mp3,C:\Users\prati\OneDrive\Desktop\why\data\processed\ai\en\proc_ai_edge_en_0024.wav,ai,en,train
proc_ai_gtts_en_0025.wav,ai_gtts_en_0025.mp3,C:\Users\prati\OneDrive\Desktop\why\data\processed\ai\en\proc_ai_gtts_en_0025.wav,ai,en,train
proc_ai_gtts_en_0026.wav,ai_gtts_en_0026.mp3,C:\Users\prati\OneDrive\Desktop\why\data\processed\ai\en\proc_ai_gtts_en_0026.wav,ai,en,train
proc_ai_gtts_en_0027.wav,ai_gtts_en_0027.mp3,C:\Users\prati\OneDrive\Desktop\why\data\processed\ai\en\proc_ai_gtts_en_0027.wav,ai,en,train
proc_ai_gtts_en_0028.wav,ai_gtts_en_0028.mp3,C:\Users\prati\OneDrive\Desktop\why\data\processed\ai\en\proc_ai_gtts_en_0028.wav,ai,en,train
proc_ai_gtts_en_0029.wav,ai_gtts_en_0029.mp3,C:\Users\prati\OneDrive\Desktop\why\data\processed\ai\en\proc_ai_gtts_en_0029.wav,ai,en,train
proc_ai_gtts_en_0030.wav,ai_gtts_en_0030.mp3,C:\Users\prati\OneDrive\Desktop\why\data\processed\ai\en\proc_ai_gtts_en_0030.wav,ai,en,train
proc_ai_gtts_en_0031.wav,ai_gtts_en_0031.mp3,C:\Users\prati\OneDrive\Desktop\why\data\processed\ai\en\proc_ai_gtts_en_0031.wav,ai,en,train
proc_ai_gtts_en_0032.wav,ai_gtts_en_0032.mp3,C:\Users\prati\OneDrive\Desktop\why\data\processed\ai\en\proc_ai_gtts_en_0032.wav,ai,en,train
proc_ai_gtts_en_0033.wav,ai_gtts_en_0033.mp3,C:\Users\prati\OneDrive\Desktop\why\data\processed\ai\en\proc_ai_gtts_en_0033.wav,ai,en,train
proc_ai_gtts_en_0034.wav,ai_gtts_en_0034.mp3,C:\Users\prati\OneDrive\Desktop\why\data\processed\ai\en\proc_ai_gtts_en_0034.wav,ai,en,train
proc_ai_edge_ta_0000.wav,ai_edge_ta_0000.mp3,C:\Users\prati\OneDrive\Desktop\why\data\processed\ai\ta\proc_ai_edge_ta_0000.wav,ai,ta,train
proc_ai_edge_ta_0001.wav,ai_edge_ta_0001.mp3,C:\Users\prati\OneDrive\Desktop\why\data\processed\ai\ta\proc_ai_edge_ta_0001.wav,ai,ta,train
proc_ai_edge_ta_0002.wav,ai_edge_ta_0002.mp3,C:\Users\prati\OneDrive\Desktop\why\data\processed\ai\ta\proc_ai_edge_ta_0002.wav,ai,ta,train
proc_ai_edge_ta_0003.wav,ai_edge_ta_0003.mp3,C:\Users\prati\OneDrive\Desktop\why\data\processed\ai\ta\proc_ai_edge_ta_0003.wav,ai,ta,train
proc_ai_edge_ta_0004.wav,ai_edge_ta_0004.mp3,C:\Users\prati\OneDrive\Desktop\why\data\processed\ai\ta\proc_ai_edge_ta_0004.wav,ai,ta,train
proc_ai_edge_ta_0005.wav,ai_edge_ta_0005.mp3,C:\Users\prati\OneDrive\Desktop\why\data\processed\ai\ta\proc_ai_edge_ta_0005.wav,ai,ta,train
proc_ai_edge_ta_0006.wav,ai_edge_ta_0006.mp3,C:\Users\prati\OneDrive\Desktop\why\data\processed\ai\ta\proc_ai_edge_ta_0006.wav,ai,ta,train
proc_ai_edge_ta_0007.wav,ai_edge_ta_0007.mp3,C:\Users\prati\OneDrive\Desktop\why\data\processed\ai\ta\proc_ai_edge_ta_0007.wav,ai,ta,train
proc_ai_edge_ta_0008.wav,ai_edge_ta_0008.mp3,C:\Users\prati\OneDrive\Desktop\why\data\processed\ai\ta\proc_ai_edge_ta_0008.wav,ai,ta,train
proc_ai_edge_ta_0009.wav,ai_edge_ta_0009.mp3,C:\Users\prati\OneDrive\Desktop\why\data\processed\ai\ta\proc_ai_edge_ta_0009.wav,ai,ta,train
proc_ai_gtts_ta_0010.wav,ai_gtts_ta_0010.mp3,C:\Users\prati\OneDrive\Desktop\why\data\processed\ai\ta\proc_ai_gtts_ta_0010.wav,ai,ta,train
proc_ai_gtts_ta_0011.wav,ai_gtts_ta_0011.mp3,C:\Users\prati\OneDrive\Desktop\why\data\processed\ai\ta\proc_ai_gtts_ta_0011.wav,ai,ta,train
proc_ai_gtts_ta_0012.wav,ai_gtts_ta_0012.mp3,C:\Users\prati\OneDrive\Desktop\why\data\processed\ai\ta\proc_ai_gtts_ta_0012.wav,ai,ta,train
proc_ai_gtts_ta_0013.wav,ai_gtts_ta_0013.mp3,C:\Users\prati\OneDrive\Desktop\why\data\processed\ai\ta\proc_ai_gtts_ta_0013.wav,ai,ta,train
proc_ai_gtts_ta_0014.wav,ai_gtts_ta_0014.mp3,C:\Users\prati\OneDrive\Desktop\why\data\processed\ai\ta\proc_ai_gtts_ta_0014.wav,ai,ta,train
proc_ai_edge_hi_0000.wav,ai_edge_hi_0000.mp3,C:\Users\prati\OneDrive\Desktop\why\data\processed\ai\hi\proc_ai_edge_hi_0000.wav,ai,hi,train
proc_ai_edge_hi_0001.wav,ai_edge_hi_0001.mp3,C:\Users\prati\OneDrive\Desktop\why\data\processed\ai\hi\proc_ai_edge_hi_0001.wav,ai,hi,train
proc_ai_edge_hi_0002.wav,ai_edge_hi_0002.mp3,C:\Users\prati\OneDrive\Desktop\why\data\processed\ai\hi\proc_ai_edge_hi_0002.wav,ai,hi,train
proc_ai_edge_hi_0003.wav,ai_edge_hi_0003.mp3,C:\Users\prati\OneDrive\Desktop\why\data\processed\ai\hi\proc_ai_edge_hi_0003.wav,ai,hi,train
proc_ai_edge_hi_0004.wav,ai_edge_hi_0004.mp3,C:\Users\prati\OneDrive\Desktop\why\data\processed\ai\hi\proc_ai_edge_hi_0004.wav,ai,hi,train
proc_ai_edge_hi_0005.wav,ai_edge_hi_0005.mp3,C:\Users\prati\OneDrive\Desktop\why\data\processed\ai\hi\proc_ai_edge_hi_0005.wav,ai,hi,train
proc_ai_edge_hi_0006.wav,ai_edge_hi_0006.mp3,C:\Users\prati\OneDrive\Desktop\why\data\processed\ai\hi\proc_ai_edge_hi_0006.wav,ai,hi,train
proc_ai_edge_hi_0007.wav,ai_edge_hi_0007.mp3,C:\Users\prati\OneDrive\Desktop\why\data\processed\ai\hi\proc_ai_edge_hi_0007.wav,ai,hi,train
proc_ai_edge_hi_0008.wav,ai_edge_hi_0008.mp3,C:\Users\prati\OneDrive\Desktop\why\data\processed\ai\hi\proc_ai_edge_hi_0008.wav,ai,hi,train
proc_ai_edge_hi_0009.wav,ai_edge_hi_0009.mp3,C:\Users\prati\OneDrive\Desktop\why\data\processed\ai\hi\proc_ai_edge_hi_0009.wav,ai,hi,train
proc_ai_gtts_hi_0010.wav,ai_gtts_hi_0010.mp3,C:\Users\prati\OneDrive\Desktop\why\data\processed\ai\hi\proc_ai_gtts_hi_0010.wav,ai,hi,train
proc_ai_gtts_hi_0011.wav,ai_gtts_hi_0011.mp3,C:\Users\prati\OneDrive\Desktop\why\data\processed\ai\hi\proc_ai_gtts_hi_0011.wav,ai,hi,train
proc_ai_gtts_hi_0012.wav,ai_gtts_hi_0012.mp3,C:\Users\prati\OneDrive\Desktop\why\data\processed\ai\hi\proc_ai_gtts_hi_0012.wav,ai,hi,train
proc_ai_gtts_hi_0013.wav,ai_gtts_hi_0013.mp3,C:\Users\prati\OneDrive\Desktop\why\data\processed\ai\hi\proc_ai_gtts_hi_0013.wav,ai,hi,train
proc_ai_gtts_hi_0014.wav,ai_gtts_hi_0014.mp3,C:\Users\prati\OneDrive\Desktop\why\data\processed\ai\hi\proc_ai_gtts_hi_0014.wav,ai,hi,train
proc_ai_edge_ml_0000.wav,ai_edge_ml_0000.mp3,C:\Users\prati\OneDrive\Desktop\why\data\processed\ai\ml\proc_ai_edge_ml_0000.wav,ai,ml,train
proc_ai_edge_ml_0001.wav,ai_edge_ml_0001.mp3,C:\Users\prati\OneDrive\Desktop\why\data\processed\ai\ml\proc_ai_edge_ml_0001.wav,ai,ml,train
proc_ai_edge_ml_0002.wav,ai_edge_ml_0002.mp3,C:\Users\prati\OneDrive\Desktop\why\data\processed\ai\ml\proc_ai_edge_ml_0002.wav,ai,ml,train
proc_ai_edge_ml_0003.wav,ai_edge_ml_0003.mp3,C:\Users\prati\OneDrive\Desktop\why\data\processed\ai\ml\proc_ai_edge_ml_0003.wav,ai,ml,train
proc_ai_edge_ml_0004.wav,ai_edge_ml_0004.mp3,C:\Users\prati\OneDrive\Desktop\why\data\processed\ai\ml\proc_ai_edge_ml_0004.wav,ai,ml,train
proc_ai_edge_ml_0005.wav,ai_edge_ml_0005.mp3,C:\Users\prati\OneDrive\Desktop\why\data\processed\ai\ml\proc_ai_edge_ml_0005.wav,ai,ml,train
proc_ai_edge_ml_0006.wav,ai_edge_ml_0006.mp3,C:\Users\prati\OneDrive\Desktop\why\data\processed\ai\ml\proc_ai_edge_ml_0006.wav,ai,ml,train
proc_ai_edge_ml_0007.wav,ai_edge_ml_0007.mp3,C:\Users\prati\OneDrive\Desktop\why\data\processed\ai\ml\proc_ai_edge_ml_0007.wav,ai,ml,train
proc_ai_edge_ml_0008.wav,ai_edge_ml_0008.mp3,C:\Users\prati\OneDrive\Desktop\why\data\processed\ai\ml\proc_ai_edge_ml_0008.wav,ai,ml,train
proc_ai_edge_ml_0009.wav,ai_edge_ml_0009.mp3,C:\Users\prati\OneDrive\Desktop\why\data\processed\ai\ml\proc_ai_edge_ml_0009.wav,ai,ml,train
proc_ai_gtts_ml_0010.wav,ai_gtts_ml_0010.mp3,C:\Users\prati\OneDrive\Desktop\why\data\processed\ai\ml\proc_ai_gtts_ml_0010.wav,ai,ml,train
proc_ai_gtts_ml_0011.wav,ai_gtts_ml_0011.mp3,C:\Users\prati\OneDrive\Desktop\why\data\processed\ai\ml\proc_ai_gtts_ml_0011.wav,ai,ml,train
proc_ai_gtts_ml_0012.wav,ai_gtts_ml_0012.mp3,C:\Users\prati\OneDrive\Desktop\why\data\processed\ai\ml\proc_ai_gtts_ml_0012.wav,ai,ml,train
proc_ai_gtts_ml_0013.wav,ai_gtts_ml_0013.mp3,C:\Users\prati\OneDrive\Desktop\why\data\processed\ai\ml\proc_ai_gtts_ml_0013.wav,ai,ml,train
proc_ai_gtts_ml_0014.wav,ai_gtts_ml_0014.mp3,C:\Users\prati\OneDrive\Desktop\why\data\processed\ai\ml\proc_ai_gtts_ml_0014.wav,ai,ml,train
proc_ai_edge_te_0000.wav,ai_edge_te_0000.mp3,C:\Users\prati\OneDrive\Desktop\why\data\processed\ai\te\proc_ai_edge_te_0000.wav,ai,te,train
proc_ai_edge_te_0001.wav,ai_edge_te_0001.mp3,C:\Users\prati\OneDrive\Desktop\why\data\processed\ai\te\proc_ai_edge_te_0001.wav,ai,te,train
proc_ai_edge_te_0002.wav,ai_edge_te_0002.mp3,C:\Users\prati\OneDrive\Desktop\why\data\processed\ai\te\proc_ai_edge_te_0002.wav,ai,te,train
proc_ai_edge_te_0003.wav,ai_edge_te_0003.mp3,C:\Users\prati\OneDrive\Desktop\why\data\processed\ai\te\proc_ai_edge_te_0003.wav,ai,te,train
proc_ai_edge_te_0004.wav,ai_edge_te_0004.mp3,C:\Users\prati\OneDrive\Desktop\why\data\processed\ai\te\proc_ai_edge_te_0004.wav,ai,te,train
proc_ai_edge_te_0005.wav,ai_edge_te_0005.mp3,C:\Users\prati\OneDrive\Desktop\why\data\processed\ai\te\proc_ai_edge_te_0005.wav,ai,te,train
proc_ai_edge_te_0006.wav,ai_edge_te_0006.mp3,C:\Users\prati\OneDrive\Desktop\why\data\processed\ai\te\proc_ai_edge_te_0006.wav,ai,te,train
proc_ai_edge_te_0007.wav,ai_edge_te_0007.mp3,C:\Users\prati\OneDrive\Desktop\why\data\processed\ai\te\proc_ai_edge_te_0007.wav,ai,te,train
proc_ai_edge_te_0008.wav,ai_edge_te_0008.mp3,C:\Users\prati\OneDrive\Desktop\why\data\processed\ai\te\proc_ai_edge_te_0008.wav,ai,te,train
proc_ai_edge_te_0009.wav,ai_edge_te_0009.mp3,C:\Users\prati\OneDrive\Desktop\why\data\processed\ai\te\proc_ai_edge_te_0009.wav,ai,te,train
proc_ai_gtts_te_0010.wav,ai_gtts_te_0010.mp3,C:\Users\prati\OneDrive\Desktop\why\data\processed\ai\te\proc_ai_gtts_te_0010.wav,ai,te,train
proc_ai_gtts_te_0011.wav,ai_gtts_te_0011.mp3,C:\Users\prati\OneDrive\Desktop\why\data\processed\ai\te\proc_ai_gtts_te_0011.wav,ai,te,train
proc_ai_gtts_te_0012.wav,ai_gtts_te_0012.mp3,C:\Users\prati\OneDrive\Desktop\why\data\processed\ai\te\proc_ai_gtts_te_0012.wav,ai,te,train
proc_ai_gtts_te_0013.wav,ai_gtts_te_0013.mp3,C:\Users\prati\OneDrive\Desktop\why\data\processed\ai\te\proc_ai_gtts_te_0013.wav,ai,te,train
proc_ai_gtts_te_0014.wav,ai_gtts_te_0014.mp3,C:\Users\prati\OneDrive\Desktop\why\data\processed\ai\te\proc_ai_gtts_te_0014.wav,ai,te,train
